Artist,Top 5 Videos
Mainstreet,"Raff√© -  LINDA E N√ÉO RENDE (prod. Glock, LV e Bymd.wav)
Chefin - TROPA DO FLAMENGO (prod. LB √önico)
Assault ""MONOPOLIO"" - Orochi | Shenlong | Azevedo | BIN | PL Quest | Borges (prod. Kizzy, RUXN, TkN)
Oruam ft. Ryan SP - Essa daqui vira trend (prod. DJ Murillo e LT no beat)
Dfideliz - Vida, Eu Penso na Gente Ainda (prod. Neckklace)"
Orochi,"a mina que faz arte com inteligencia artificial
o que aconteceu com o sugar coach
esse pastor cura qualquer v√≠cio
pedreiro fazendo speedrun de levantar muro
se rir tem que beber"
Poze,"MC Poze do Rodo ft. Chefin - Ordem do mano (prod. LB √önico, Portugal no beat)
MC Poze do Rodo - Me Da Sua M√£o (prod. Mandark)
MC Poze do Rodo - Desabafo (Ajaxx, Tkd, Neytxn)
MC Poze do Rodo - Frio e Calculista ft. Jo√£o Gomes (prod. jess)
MC Poze do Rodo - Ai Calica ft. Vulgo FK"
Bin,"BIN - Produto proibido Ft. Leviano, SICKK (Clipe oficial)
BIN -  SWOOSH FT. Leviano (prod. Sub, jess )
BIN - FUMA√áA QUENTE (prod. Ayo Th, jess)
BIN - Outro Patamar FT. Ryan SP  (prod. jess)
BIN - DIOR ft. Major RD (prod. Ajaxx)"
Borges,"Borges - Lenda ft. Filipe Ret
Borges - Quem Diria
Borges - Copo de Bebida ft. Delacruz
Borges - Proibid√£o Freestyle ft. NGC Daddy
Borges - Caveir√£o Imbica"
Chefin,"TROPA DO FLAMENGO - Making OF
Chefin - Tropa do Flamengo ‚öîÔ∏è 23/04
Making-OF - 10 CARROS
Chefin - Deus √© o meu guia
Chefin - Pelo certo (Prod. KENNEDYBEATZ & BUNE)"
Oruam,"kbuloso cantando m√∫sica do oruam (pr√©vias )
segundo dia de aula
mas uma conquista do menor 22
quando ganho um qualquer
oruam_eu n√£o me iludo"
Bielzin,"De onde veio a √°gua? Kkkkkkkkkk
De onde veio a √°gua? Kkkkkkkk
De onde veio a √°gua? Kkkkkkkkkk
Ele percebeu? Kkkkkkkkkkk
Pegando as compras de desconhecidos kkkkkkkkkkkkkk"
Dfideliz,"Dfideliz - ALMA LIMPA (prod celo)
DFIDELIZ  - LEONINA FEAT CALIFFA (Prod Papatinho)
Dfideliz - PLANOS (CLIP OFICIAL)
Dfideliz - VIDA LONGA (CLIP OFICIAL)
Dfideliz - Menino Bom ( prod celo) [CLIPE OFICIAL}"
PL Quest,"PL Quest ft. Chefin e Orochi - SARRADEIRA
Fatality! J√° ouviu essa? üî•üòé #plquest #predella #leviano #mainstreet
Baby, s√≥ n√£o se ilude‚Ä¶ üòÆ‚Äçüí® #plquest #ngcdaddy #adrenalina
Desce mais uma dose de Whisky ü•É üòÆ‚Äçüí® J√° ouviu Privil√©gio? #mdchefe #trapbr #plquest #adrenalina
N√≥s contraria as estat√≠sticas! üî• #bielzin #borges #plquest #adrenalina"
Raffe,"PUBLICIDADES PERFUMES ENERO 2024 - RAFFE PERFUMERIAS
Publicidad Navidad - Fragancias Raffe Perfumerias
DICIEMBRE PUBLICIDADES PERFUMES
RAFFE PERFUMERIAS - ULTIMOS LANZAMIENTOS NOVIEMBRE
Guillermina Valdez Colecci√≥n Privada"
Azevedo,"Azevedo - Ilus√£o feat Orochi, Shenlong (prod. Portugal no beat, Kizzy, Galdino)
S√≥ voc√™...
Paz Terr√≠vel üòÆ‚Äçüí®üôèüèΩ
O fod* √© que na sua m√£o eu me sinto um copo descart√°vel üòÆ‚Äçüí®
Ultimamente eu ando preocupado..."
Leviano,"Leviano, MC Paiva - Roupa Cara
Leviano - Boca
Leviano - T√≥xico
Leviano - Dropa
Leviano, Mc Cabelinho - Sem Compaix√£o"
Ajaxx,"I‚Äôd like to kiss you but you are always on the phone
How to escape your mental prison #lifehacks
Love For Rent - AjaxX Chronicles
How would this song sound if Ajaxx recooked it?
AjaxX visits followers in #jail and helps them to escape their mental prison #lifehacks #tips"
Kizzy,"[Full Album] KIZZY (ÌÇ§ÏßÄ) - BAD HABITS Playlist
a guide to KIZZY
KIZZY ÌÇ§ÏßÄ - O¬≤ (Oxygen) (Color Coded Lyrics Eng/Rus)
KIZZY ÌÇ§ÏßÄ - KI$$ (Color Coded Lyrics Eng/Rus)
KIZZY ÌÇ§ÏßÄ - # (Hashtag) (Color Coded Lyrics Eng/Rus)"
jess beat,"Sanih Coll√© Instrumental Remaked 2024 prodby:#jessonthebeats
Rim Ka Avia Instrumental Remaked 2024 by @jessonthebeats1873
Afrobeats Instrumental 2024 ""PROMISE"" Ga Ei Type Beats
Afro pop instrumental 2024 ""LIGHT""
Lion Hill ankakanao Amapiano version 2024"
RUXN,"(Free) Roddy Ricch x Polo G x Nba youngboy Type Beat ~ LUXO (Prod. By RUXN )
(Free) Nav x Gunna x Lil Baby Type Beat ~ CLAVA (By RUXN)
[Free] Lil Keed x Gunna x Lil Gotit Type Beat ~ GADEM (Prod. RUXN/Canestri)
[FREE] TZ da Coronel x Borges Type Beat "" SHISH "" (Prod. RUXN)
Gunna x Lil Keed x Roddy Ricch Type Beat ~ sussu (Prod. RUXN)"
MC Cabelinho,"MC Cabelinho - Carta Aberta (Clipe Oficial)
MC CABELINHO - MINHA CURA FT. BELO  (prod. MOUSIK)
MC CABELINHO - PRETA RARA (prod. PALMA & DJ DAVI)
MC CABELINHO - BEM MELHOR FT. ORUAM  (prod. PALMA)
MC CABELINHO - VOC√ä&EU (prod. DALLASS)"
Brutos,"üü•BAD VS SMILEüü¶
Flumbo (Banban Azul) Vs Banban - Garten of Banban 8
LUCCAS NETO VS GATO GAL√ÅCTICO - BATALHA DE YOUTUBERS NO ROBLOX
Princesa Loolilalu (Digital Circus 2) Vs Princesa Vanellope (Detona Ralph)
As Melhores Batalhas do Incr√≠vel Circo Digital (The Amazing Digital Circus) - Brutusmano (Compilado)"
A.R,"Huawei Smart Watch Fit 3: REL√ìGIO com MELHOR CUSTO BENEF√çCIO para corredores?
MIZUNO NEO VISTA - Primeiras impress√µes
SE inscreva na CORRIDA VIRTUAL CORRI PELO RS e ajude nossos amigos e amigas ga√∫chos
O QUE ROLOU na MARATONA do RIO?
Como foi a minha Meia da Maratona do Rio em um minuto #meiamaratona #maratonadorio"
Vinicin,"VINICIN REAGE: DEFANTE, TI√ÉO E GUSTAVO TUBAR√ÉO NO RANGO BRABO | Cortes do Lil Vinicinho
VINICIN REAGE: POL√äMICA DO CESAR MAIA EM SESS√ÉO DA C√ÇMARA | Cortes do Lil Vinicinho
LIL VINICIN E PASTOR BATALHAM NO POK√âMON SHOWDOWN | Cortes do Lil Vinicinho
VINICIN REAGE: H√ìSPEDE INCONVENIENTE NO REP√ìRTER PACHECO | Cortes do Lil Vinicinho
VINICIN REAGE: TRABALHAMOS NO OUTBACK POR UM DIA! (AQUELES CARAS) | Cortes do Lil Vinicinho"
Mano R7,"Mano R7 - RIO DE JANEIRO (Videoclipe Oficial)
Venha conferir novo lan√ßamento!
11 Mano R7- Eu N√£o
10 Mano R7- Papo Reto
09 Mano R7- Swoosh (Feat Didior x Bomcof)"
Amorim,"Pescadores Infinitos no Big Bass Splash ‚Äπ Dia de Alegria ‚Ä∫
Arrisquei Tudo ou Nada no Forge of Olympus ‚Äπ Dia muito Insano ‚Ä∫
Big Bass Bonanza da Felicidade ‚Äπ Pescadores Infinitos ‚Ä∫
Big Bass Splash da Alegria
B√¥nus de R$600 vs Sugar Rush ‚Ä¢ O melhor dia que j√° joguei ‚Ä¢"
Budy,"(ÿßŸÑŸÅÿ±ŸÇ ŸÖÿßÿ®ŸäŸÜ ÿßŸÑÿ™ŸÇŸÑŸäÿØ ŸàÿßŸÑÿßÿ≥ÿ™ŸÑŸáÿßŸÖ) ÿå ŸÇÿßÿ¥ÿß ŸÑÿßŸäŸÅ/ ŸÇÿßÿ¥ÿß ŸÉŸÑŸàÿ®
ŸÜÿ±Ÿàÿ¨ ŸÑŸÑŸÅŸäÿØŸäŸà #ŸÇÿßÿ¥ÿß_ŸÜÿ≠Ÿà_ÿßŸÑŸÖÿ≥ÿ™ŸÇÿ®ŸÑ
ŸÇÿµÿµ ÿßŸÑŸÖŸèÿ™ÿßÿ®ÿπŸäŸÜ (2)ŸÇÿßÿ¥ÿß ŸÑÿßŸäŸÅ /ŸÇÿßÿ¥ÿß ŸÉŸÑŸàÿ®
6 pills,unfinished GCMV(ŸÇÿßÿ¥ÿß ŸÑÿßŸäŸÅ/ŸÇÿßÿ¥ÿß ŸÉŸÑŸàÿ®)
ŸÖÿ®ÿ±ŸàŸÉ! @NesmaCHOUHAD #ŸÇÿßÿ¥ÿß_ŸÜÿ≠Ÿà_ÿßŸÑŸÖÿ≥ÿ™ŸÇÿ®ŸÑ #gachalife"
MVK,"Expectativa
Fiquei Sagaz
Ei Amor (Remix)
Ei Amor
Blogueira"
Pedrin,"O CORNO FICOU PISTOLA √â FEZ MERDA *Crime Scene Cleaner*
O MO√áO DA PIPOCA üòÇ #shorts
QUANDO O TERAPEUTA E SINCERO DEMAIS üòÇ #shorts
QUANDO A IRM√É FICAR DE CASTIGO üòÇ #shorts
BOLHA DE SAB√ÉO INDESTRUT√çVEL üò® #shorts"
Filh√£o,"CANADA BUSCANDO PROFISSIONAIS DE T.I
O PLANO PR√ÅTICO PARA CONQUISTAR UM EMPREGO NO CANAD√Å
NINGU√âM QUERIA MORAR NESSA PROV√çNCIA E REGI√ÉO DO CANAD√Å
O FUTURO DAS PROFISS√ïES: CARREIRAS EM ALTA NA AREA DE TECNOLOGIA E SAUDE
OPORTUNIDADE DE EMPREGO NO CANADA PARA PROFISSIONAIS QUALIFICADO"
Shenlong,"SHENLONG vs CAM QU√ùT | 06/06/2024
SHENLONG vs CAM QU√ùT | ng√†y 24 th√°ng 5 nƒÉm 2024
SHENLONG - M√É GIA vs H·ªíNG ANH - KAMACHI | 20 th√°ng 5 nƒÉm 2024
SHENLONG vs THI√äN KH√îI_QU√ùT | 11 th√°ng 5 nƒÉm 2024
Tr·ª±c Ti·∫øp AOE 11/05/2024 | SHENLONG vs TI·ªÇU L√ÇM (SHANG - CH·∫†M 4)"
DEGE,"DEGE - HEINEKEN ft. PJ HOUDINI (prod. Brian Arimura)
DEGE - O QUE IMPORTA √â F√â  (Prod. FP & H4lfmeasures)
DEGE - PEQUENOS VALORES
DEGE - FUTURO PROIBIDO (Prod. Melt77)
DEGE - CARRO BICHO (Prod. VT no Beat)"
Hashi,"PRECISAMOS CONVERSAR URGENTEMENTE!
O mang√° mais CHOCANTE que j√° li! #manga #horror #anime
O MANG√Å que ASSUSTOU o pr√≥prio AUTOR! #mang√° #manga #terror
O esfor√ßo vence o dom natural.
Sobre o que √© Mob Psycho?"
Benny,"Sule & Black Soprano Family - Y.N.G.A.W Feat. Sy Ari Da Kid [Official Video]
Cam Wells & Benny The Butcher - Tony Two Tone [Official Video]
Flames Dot Malik & Black Soprano Family - FOOD Ft. Jim Jones [Official Video]
Duckman & Black Soprano Family ft ElCamino - Ghetto Gospel [Official Video]
Sneak Peek:  Making of the Pyrex Man pendant made by Impress LA"
Feek,"FEEK - PAPARAZZI  (VIDEO CLIPE OFICIAL)
FEEK - TREM BALA (VIDEO CLIPE OFICIAL)"
Oliveira,"TRANSFORMEI O JORGINHO EM MANDRAKE E DEU RUIM
ERA PARA SER UM FUTEBOL, MAS O PIOR ACONTECEU‚Ä¶
FUI EXPULSO DA CASA DA VIT√ìRIA... ACABOU...
ELE FOI HUMILHADO POR N√ÉO SABER DAR GRAU
DESUMILDE !"
Pior vers√£o de mim,"Pior Vers√£o de Mim - Nem Ou√ßo (VideoClipe)
Pior Vers√£o de Mim - ""Meia Noite"" ft. Putodiparis e Cezza (prod. Palma)
Mc D  - ""Na arte do 157 Remix"" ft. Derxan (prod. VTnoBeat)
Pior Vers√£o de Mim - ""Oi Oi, Reflexo de Bolinha"" ft. Putodiparis e Big Bllakk (prod. VTnoBeat)
Pior Vers√£o de Mim - Discurso de √ìdio (prod. Sahara) (Dir. @atanaziofb)"
Oreozin,"OREOZIN - MAINSTREET FESTIVAL FREESTYLE ft. PL QUEST (prod. VT no Beat)
Oreozin - Cart√£o clonado trap üí≥"
Peziinho,"none
none
none
none
none"
Grone,"HOMELANDER EN MK1 HACE CHOCOLATE CASERO
Prob√© TODOS LOS TEKKEN en UN SOLO VIDEO
MEMES GOOFY AHH
Prob√© TODOS LOS MORTAL KOMBAT en un SOLO VIDEO
ESTE VIDEO ES TAN TERCERMUNDISTAS QUE DUELE"
VT no Beat,"Ela √© Safada
Hoje Eu N√£o Vou Te Machucar
Vem Xereca Vs Tira Roupa
Rave da Putaria
Desce Falsiane"
